0.0,0.0,0.0,0.0,0.0,0.0,0.0,0.0,0.0,0.0,0.552099,0.0,0.0,0.0,0.0,0.0,0.0,0.448133,0.0,0.0
0.128425,0.0,0.0,0.0,0.0,0.0,0.0,0.0,0.0,0.0,0.0,0.0,0.0,0.0,0.121582,0.750019,0.0,0.0,0.0,0.0
0.0,0.0,0.0,0.0,0.0,0.0,0.0,0.0,0.0,0.097193,0.0,0.07505,0.103378,0.0,0.0,0.098482,0.625898,0.0,0.0,0.0
0.0,0.0,0.0,0.0,0.0,0.0,0.0,0.0,0.0,0.088757,0.0,0.193178,0.254546,0.0,0.0,0.175799,0.196827,0.090873,0.0,0.0
0.095325,0.0,0.0,0.113047,0.0,0.0,0.0,0.0,0.0,0.0,0.0,0.193178,0.327145,0.0,0.090622,0.09195,0.0,0.088757,0.0,0.0
0.0,0.0,0.0,0.080828,0.0,0.0,0.0,0.0,0.0,0.0,0.0,0.163572,0.354781,0.0,0.0,0.225156,0.175677,0.0,0.0,0.0
0.0,0.0,0.0,0.184667,0.0,0.0,0.0,0.092014,0.0,0.0,0.0,0.166316,0.062978,0.0,0.0,0.238325,0.167125,0.0,0.0,0.088572
0.0,0.0,0.0,0.0,0.0,0.0,0.0,0.083447,0.0,0.0,0.0,0.262247,0.268315,0.0,0.0,0.080828,0.216584,0.088572,0.0,0.0
0.085852,0.075572,0.134623,0.0,0.070121,0.096924,0.0,0.0,0.0,0.0,0.0,0.0,0.071199,0.074068,0.078618,0.225938,0.087051,0.0,0.0,0.0
0.205185,0.0,0.0,0.0,0.0,0.0,0.0,0.060371,0.0,0.0,0.0,0.136503,0.086689,0.0,0.0,0.241652,0.134158,0.135278,0.0,0.0
0.391206,0.0,0.0,0.064614,0.0,0.068821,0.0,0.0,0.0,0.0,0.0,0.157345,0.0,0.0,0.06538,0.176532,0.075992,0.0,0.0,0.0
0.192376,0.0,0.064614,0.068821,0.0,0.0,0.067172,0.0,0.0,0.0,0.0,0.070707,0.152513,0.0,0.0,0.060371,0.323536,0.0,0.0,0.0
0.231808,0.0,0.143388,0.0,0.0,0.053069,0.0,0.0,0.057075,0.0,0.0,0.115904,0.0,0.068774,0.0,0.107917,0.162555,0.059416,0.0,0.0
0.236351,0.0,0.043315,0.088266,0.039802,0.073761,0.0,0.0,0.0,0.0,0.0,0.0831,0.052447,0.076045,0.040639,0.18894,0.077374,0.0,0.0,0.0
0.270181,0.0,0.023732,0.02066,0.0,0.08156,0.0,0.051904,0.026756,0.042956,0.0,0.0,0.168638,0.0,0.0,0.04948,0.215985,0.048127,0.0,0.0
0.19916,0.048799,0.0,0.039637,0.0,0.070024,0.021433,0.025773,0.0,0.029319,0.021153,0.02039,0.081052,0.0,0.071545,0.211393,0.071051,0.067312,0.0,0.02199
0.110338,0.0,0.092911,0.0,0.0,0.038075,0.0,0.022437,0.019943,0.039527,0.020632,0.137452,0.119742,0.082698,0.0,0.117034,0.160095,0.020746,0.0,0.018376
0.214047,0.017738,0.017217,0.016746,0.0,0.02066,0.0,0.057075,0.034939,0.048328,0.058965,0.019901,0.139661,0.036932,0.064839,0.117115,0.082013,0.039037,0.0,0.014721
0.241652,0.012895,0.051083,0.040865,0.02563,0.031402,0.0,0.0,0.038875,0.044998,0.013295,0.063109,0.126131,0.041406,0.013669,0.137929,0.087839,0.029319,0.0,0.0
0.131215,0.0,0.023716,0.080103,0.020277,0.049652,0.046779,0.013659,0.03776,0.036021,0.0,0.060246,0.191976,0.064794,0.011125,0.067592,0.120993,0.03233,0.0,0.011687
0.149167,0.011486,0.035897,0.012491,0.0,0.10111,0.0,0.047366,0.089374,0.02606,0.0,0.058924,0.120408,0.042394,0.010889,0.123194,0.110951,0.060287,0.0,0.0
0.110951,0.0,0.031796,0.035797,0.023519,0.049071,0.010409,0.012736,0.038527,0.04078,0.017409,0.039941,0.132036,0.02834,0.090496,0.144386,0.104748,0.07594,0.01323,0.0
0.115263,0.015843,0.068583,0.054296,0.0,0.119908,0.007689,0.0,0.05536,0.0,0.0,0.05625,0.132219,0.084788,0.036172,0.150413,0.064659,0.0,0.010844,0.027719
0.091823,0.0,0.095656,0.084964,0.008802,0.139274,0.025418,0.013322,0.10076,0.009951,0.0,0.072846,0.066477,0.020675,0.051332,0.085971,0.082526,0.015975,0.0,0.03422
0.058558,0.008431,0.0,0.009037,0.119742,0.072998,0.007017,0.024586,0.173499,0.014813,0.0,0.042101,0.142004,0.062154,0.097531,0.06096,0.025051,0.007933,0.015314,0.058355
0.027148,0.0,0.021448,0.082698,0.006778,0.0,0.017911,0.120408,0.144286,0.071051,0.017701,0.052922,0.088083,0.016087,0.148239,0.008161,0.039885,0.108367,0.028776,0.0
0.046167,0.008467,0.011916,0.005827,0.052848,0.0,0.020012,0.195197,0.030332,0.168989,0.01747,0.0,0.011558,0.0142,0.041926,0.016425,0.015399,0.300409,0.0,0.043015
0.156366,0.0,0.0,0.007944,0.035256,0.054334,0.015625,0.174343,0.01278,0.098005,0.052812,0.009375,0.0,0.0,0.017899,0.072043,0.023454,0.198471,0.008414,0.062891
0.208917,0.123279,0.008455,0.00554,0.0,0.396942,0.007883,0.025033,0.0,0.0,0.0,0.011049,0.01417,0.010912,0.008224,0.02797,0.043285,0.099856,0.0,0.008461
0.023798,0.0,0.007588,0.007988,0.192776,0.008472,0.015668,0.029729,0.008021,0.015799,0.011118,0.0,0.0,0.028399,0.026849,0.015593,0.0,0.007977,0.062717,0.537375
0.010445,0.0,0.0,0.011719,0.060455,0.028656,0.032419,0.056759,0.0,0.128247,0.008449,0.010799,0.007552,0.014823,0.0,0.008116,0.055514,0.10988,0.195467,0.260616
0.108367,0.007442,0.060875,0.093234,0.016255,0.092654,0.007694,0.021869,0.0,0.038822,0.015474,0.066477,0.152407,0.044286,0.036247,0.067172,0.111414,0.037917,0.0,0.021359
0.071595,0.0,0.057671,0.043919,0.008525,0.073506,0.027565,0.008235,0.015187,0.052265,0.0,0.067499,0.089684,0.079937,0.041781,0.151669,0.087353,0.020746,0.021642,0.081221
0.049139,0.013139,0.030248,0.073506,0.059047,0.020818,0.015998,0.0,0.010754,0.022421,0.007179,0.048935,0.015303,0.015314,0.008178,0.065926,0.028145,0.026169,0.408384,0.08139
0.106801,0.015082,0.075363,0.05872,0.015756,0.103235,0.045658,0.0,0.039858,0.044532,0.04395,0.101461,0.042986,0.0426,0.04213,0.138216,0.007325,0.058274,0.010125,0.007878
0.101391,0.0,0.099995,0.067265,0.031207,0.049343,0.040274,0.020703,0.065698,0.061256,0.008888,0.07668,0.070707,0.03396,0.06906,0.071397,0.07315,0.0426,0.0,0.016425
0.093363,0.0,0.111414,0.099511,0.0,0.10555,0.010621,0.0,0.066847,0.0,0.026351,0.094339,0.012344,0.049859,0.04863,0.133046,0.021256,0.048428,0.065653,0.012824
0.102593,0.016921,0.051761,0.018364,0.047366,0.221288,0.015668,0.015135,0.014885,0.031533,0.0,0.033285,0.063372,0.065244,0.04033,0.140243,0.029016,0.046714,0.032419,0.013802
0.042072,0.020804,0.060833,0.023454,0.122682,0.178253,0.0,0.028028,0.0,0.059581,0.0,0.024197,0.042218,0.024826,0.0,0.15188,0.137452,0.043676,0.0,0.040135
0.266831,0.046909,0.03972,0.0,0.094929,0.0,0.047104,0.0,0.049928,0.0,0.0,0.091823,0.123279,0.0,0.0,0.048765,0.088205,0.0,0.0,0.102522
0.057273,0.0,0.041868,0.0,0.054447,0.219608,0.0,0.0,0.059252,0.0,0.04979,0.128514,0.185052,0.0,0.0,0.093623,0.05672,0.053884,0.0,0.0
0.060371,0.0,0.051439,0.050695,0.0,0.0,0.042306,0.063946,0.0,0.05038,0.025489,0.104169,0.019344,0.0,0.026461,0.019064,0.049207,0.014033,0.020978,0.402204
0.0,0.0,0.0,0.022924,0.0,0.03204,0.0,0.137738,0.016968,0.071943,0.023634,0.0,0.024981,0.136408,0.361233,0.097598,0.026115,0.023487,0.0,0.025086
0.044563,0.0,0.07684,0.041984,0.0,0.047399,0.023749,0.026553,0.05045,0.0,0.0,0.081843,0.297096,0.046231,0.051832,0.103521,0.064391,0.023931,0.0,0.019573
0.096321,0.049275,0.144086,0.02838,0.0,0.363997,0.017397,0.0,0.025313,0.0,0.0,0.043798,0.024655,0.0,0.032129,0.110568,0.0,0.029259,0.034746,0.0
0.078618,0.0,0.0,0.103092,0.0,0.031907,0.017787,0.026793,0.08207,0.092783,0.0,0.107321,0.124223,0.120742,0.0,0.110261,0.02606,0.0784,0.0,0.0
0.044011,0.0,0.091252,0.0,0.187895,0.087778,0.0,0.060079,0.0,0.155933,0.0,0.117603,0.0,0.0,0.0,0.096321,0.0,0.0,0.100342,0.058761
0.096723,0.061768,0.016562,0.085912,0.0,0.166201,0.019237,0.018854,0.049549,0.038367,0.0,0.072998,0.040582,0.034292,0.037292,0.141316,0.057751,0.0,0.041464,0.02108
0.07684,0.0,0.078945,0.043255,0.0,0.117034,0.014418,0.063372,0.078891,0.0784,0.013716,0.07594,0.111956,0.079,0.038848,0.065064,0.014751,0.032218,0.017265,0.0
0.071645,0.017677,0.048765,0.033354,0.137166,0.034339,0.011273,0.087961,0.047039,0.135278,0.038714,0.008333,0.073251,0.025719,0.009278,0.038848,0.020432,0.067592,0.007971,0.085318
0.072343,0.0,0.034197,0.052012,0.017726,0.039968,0.018776,0.012191,0.062457,0.093882,0.0,0.067968,0.116306,0.054826,0.072645,0.132678,0.087717,0.045626,0.0,0.018646
0.080772,0.007505,0.028008,0.016187,0.035897,0.008139,0.0,0.060539,0.043375,0.262429,0.033843,0.007829,0.11941,0.0,0.010402,0.023438,0.116468,0.112344,0.013754,0.019559
0.125957,0.0,0.151669,0.153361,0.013697,0.048597,0.008543,0.0,0.050276,0.034411,0.006825,0.066201,0.01468,0.049412,0.083563,0.096924,0.082241,0.006735,0.006891,0.0
0.090559,0.0,0.222982,0.143587,0.0,0.031446,0.014844,0.011383,0.02365,0.0426,0.01033,0.107619,0.006237,0.040079,0.027796,0.050102,0.114864,0.036348,0.00879,0.016689
0.03396,0.0,0.0,0.023212,0.045816,0.022956,0.027623,0.278742,0.016654,0.152618,0.03204,0.050241,0.015614,0.007861,0.014111,0.014599,0.053327,0.144887,0.015442,0.05031
0.060707,0.073506,0.114864,0.015549,0.006601,0.043435,0.006712,0.038795,0.051868,0.029708,0.008373,0.070756,0.296068,0.064391,0.022561,0.053327,0.02239,0.005941,0.0,0.014488
0.099995,0.00942,0.125869,0.061341,0.006792,0.05475,0.033124,0.006289,0.071694,0.031951,0.0,0.07684,0.066893,0.030798,0.025103,0.156258,0.082013,0.023292,0.0,0.037473
0.046811,0.021553,0.061214,0.05625,0.030564,0.168054,0.036677,0.005429,0.120074,0.047006,0.014279,0.061768,0.005876,0.082641,0.0455,0.091632,0.050871,0.006915,0.0,0.046876
0.054712,0.116548,0.0,0.010987,0.064525,0.009793,0.014249,0.063548,0.007489,0.181999,0.028577,0.006745,0.0,0.030186,0.0,0.013602,0.019532,0.161993,0.02056,0.194926
0.044656,0.0,0.225,0.020992,0.0,0.024569,0.00667,0.013112,0.039445,0.014589,0.0,0.115343,0.006778,0.008663,0.017998,0.107172,0.329877,0.0,0.016504,0.008573
0.043919,0.007631,0.038287,0.027242,0.023147,0.032487,0.309498,0.089684,0.020432,0.069396,0.030522,0.027337,0.0,0.014358,0.026479,0.021672,0.067312,0.085615,0.007189,0.057872
0.037786,0.0,0.006792,0.0,0.044625,0.012276,0.006638,0.255962,0.009012,0.234068,0.018262,0.00736,0.0,0.0,0.0,0.009284,0.020574,0.295248,0.007376,0.034964
0.059334,0.0,0.00628,0.006511,0.036957,0.039941,0.06276,0.214195,0.0,0.074998,0.039802,0.072695,0.012967,0.023634,0.0,0.097396,0.036373,0.180616,0.006457,0.029218
0.036222,0.026589,0.0,0.009265,0.118915,0.013084,0.010606,0.131215,0.0,0.23342,0.0178,0.0,0.094601,0.006079,0.006515,0.021094,0.036474,0.056172,0.023471,0.158439
0.260075,0.006703,0.020081,0.032442,0.126394,0.08139,0.014388,0.009719,0.029177,0.021418,0.014792,0.011735,0.036778,0.020362,0.020675,0.153148,0.042423,0.073608,0.0,0.024569
0.06276,0.011486,0.026979,0.015145,0.345558,0.073049,0.012727,0.024197,0.006887,0.02597,0.016665,0.007085,0.012922,0.0,0.023699,0.053438,0.030649,0.029956,0.11875,0.101955
0.178377,0.0,0.010821,0.022036,0.050032,0.078454,0.012994,0.122853,0.0,0.179991,0.039555,0.025755,0.020617,0.007345,0.011999,0.005212,0.030777,0.139661,0.01118,0.052447
0.03983,0.008455,0.093948,0.089374,0.019627,0.056133,0.020095,0.02797,0.075102,0.044936,0.0,0.112189,0.014239,0.055476,0.066201,0.081956,0.104097,0.035182,0.018224,0.036957
0.076415,0.006787,0.021226,0.019077,0.087353,0.028047,0.0,0.179991,0.01468,0.160206,0.0,0.011141,0.112422,0.03162,0.027565,0.047861,0.051332,0.103235,0.006219,0.014833
0.072343,0.0,0.284204,0.024569,0.079605,0.056838,0.022452,0.02365,0.036398,0.013936,0.0,0.090936,0.022437,0.022483,0.032736,0.081221,0.06096,0.028164,0.0,0.047006
0.076309,0.0,0.056996,0.059211,0.0,0.267387,0.0,0.021523,0.013527,0.022655,0.007716,0.121498,0.062284,0.018212,0.045912,0.135278,0.06237,0.006172,0.007916,0.015082
0.044563,0.0,0.122258,0.026461,0.017726,0.082412,0.015389,0.034268,0.036096,0.014741,0.014121,0.104748,0.021642,0.057392,0.060037,0.135936,0.113992,0.047399,0.023067,0.02768
0.045374,0.004972,0.030165,0.035822,0.077859,0.265356,0.020081,0.067733,0.019051,0.061725,0.013602,0.054259,0.044904,0.027661,0.026333,0.056838,0.082355,0.034292,0.00643,0.025103
0.037577,0.006289,0.038607,0.054826,0.026187,0.109424,0.032532,0.033009,0.043616,0.007802,0.013397,0.091062,0.014579,0.035158,0.075572,0.120408,0.175312,0.048799,0.0,0.035847
0.026187,0.006801,0.029177,0.006839,0.121582,0.041666,0.013185,0.110875,0.014885,0.197373,0.020761,0.026663,0.025791,0.0,0.044687,0.058639,0.049378,0.101813,0.041984,0.061682
0.090747,0.027394,0.128782,0.073557,0.033101,0.060875,0.0,0.059334,0.045029,0.052048,0.0,0.06538,0.072998,0.020348,0.00732,0.078129,0.088941,0.082355,0.0,0.013678
0.045784,0.0,0.089312,0.038553,0.051617,0.091189,0.016619,0.071199,0.029442,0.071595,0.007386,0.063153,0.088757,0.048732,0.026497,0.057352,0.086091,0.081447,0.021582,0.01364
0.048261,0.02196,0.043285,0.043165,0.063329,0.074635,0.016345,0.020026,0.070756,0.051617,0.033679,0.072494,0.040921,0.042512,0.021285,0.107843,0.103163,0.052885,0.017973,0.053884
0.072796,0.007284,0.132678,0.040051,0.012833,0.094601,0.034988,0.008396,0.03866,0.047072,0.0,0.076627,0.113126,0.03834,0.027853,0.084144,0.077374,0.020862,0.029873,0.042512
0.057552,0.013927,0.120826,0.102025,0.043315,0.055823,0.01384,0.033679,0.027394,0.088022,0.02264,0.046974,0.04155,0.036222,0.010083,0.082412,0.074739,0.055207,0.036222,0.037473
0.054071,0.009896,0.066939,0.035231,0.023831,0.08681,0.0,0.02294,0.065154,0.052265,0.014121,0.104748,0.049825,0.054372,0.072193,0.123879,0.100203,0.006237,0.01323,0.044164
0.087353,0.04588,0.10897,0.089188,0.022515,0.015756,0.01524,0.028203,0.032106,0.020992,0.006601,0.07552,0.081729,0.087656,0.041521,0.090246,0.064436,0.020746,0.035822,0.029462
0.121498,0.0,0.104458,0.122853,0.006858,0.047729,0.012753,0.03347,0.066523,0.020026,0.01416,0.049241,0.084847,0.06012,0.021021,0.090559,0.07911,0.037266,0.012994,0.014589
0.111956,0.0,0.030586,0.118668,0.038714,0.077107,0.019654,0.013012,0.055978,0.080214,0.0,0.084085,0.023914,0.058476,0.079881,0.06164,0.083969,0.037188,0.007894,0.017063
0.032986,0.006968,0.042072,0.038447,0.099029,0.006502,0.013687,0.135466,0.013103,0.186856,0.056524,0.038687,0.021094,0.006202,0.022845,0.0254,0.06457,0.095789,0.049037,0.044718
0.079495,0.0,0.071993,0.064839,0.046391,0.057912,0.014141,0.030927,0.109956,0.044936,0.026278,0.043465,0.04763,0.052447,0.097801,0.069685,0.033726,0.035872,0.029873,0.042541
0.148651,0.0,0.134904,0.093687,0.0,0.030692,0.019038,0.008567,0.102522,0.02526,0.015367,0.092911,0.029238,0.059088,0.100481,0.068441,0.039037,0.0,0.01556,0.01647
0.042335,0.020235,0.130489,0.034411,0.095656,0.007911,0.0,0.09559,0.02264,0.20547,0.017229,0.034794,0.005605,0.062154,0.02445,0.046585,0.031293,0.067592,0.041926,0.013612
0.049446,0.006754,0.0,0.025208,0.040978,0.005711,0.015788,0.313166,0.016921,0.152301,0.02797,0.006003,0.006194,0.020862,0.047039,0.0196,0.036247,0.190518,0.005648,0.013687
0.153467,0.014043,0.114467,0.077374,0.0,0.029056,0.007894,0.017289,0.114229,0.041781,0.0,0.050871,0.022406,0.049207,0.107172,0.060665,0.097734,0.015442,0.006853,0.019984
0.159099,0.0,0.018672,0.052885,0.034674,0.032374,0.023004,0.060791,0.062848,0.089312,0.006551,0.053772,0.012276,0.098005,0.1009,0.073506,0.029442,0.045405,0.0,0.046456
0.224067,0.091126,0.015636,0.004968,0.01677,0.005115,0.012806,0.038956,0.046199,0.290982,0.053809,0.019791,0.0,0.005329,0.013012,0.035061,0.02519,0.081447,0.019682,0.0
0.031207,0.0,0.030438,0.027129,0.012268,0.005668,0.152196,0.006511,0.259895,0.019357,0.0,0.043525,0.011079,0.134997,0.183265,0.035822,0.020151,0.026406,0.0,0.0
0.197921,0.0,0.041063,0.051868,0.0,0.018011,0.019438,0.0,0.118257,0.067312,0.006867,0.122173,0.007422,0.078781,0.108518,0.098073,0.035134,0.013659,0.008912,0.006533
0.118586,0.0,0.031142,0.026461,0.009125,0.020746,0.041752,0.004736,0.15432,0.041955,0.007259,0.106137,0.176287,0.064124,0.103809,0.041493,0.027989,0.016131,0.0,0.008027
0.036096,0.013276,0.071347,0.021808,0.006189,0.412081,0.058073,0.0,0.041063,0.019559,0.0,0.166894,0.021687,0.028184,0.023683,0.05066,0.022468,0.007007,0.0,0.0
0.07115,0.009519,0.0,0.0,0.040808,0.04181,0.0,0.169693,0.070511,0.172779,0.025916,0.006502,0.031774,0.029729,0.016805,0.01263,0.081956,0.203345,0.0,0.015135
0.049105,0.0,0.048732,0.048094,0.007036,0.019915,0.043616,0.008925,0.384219,0.058395,0.005509,0.033447,0.057273,0.055016,0.086449,0.020532,0.037111,0.025471,0.0,0.011141
0.028796,0.017253,0.006698,0.0,0.026663,0.009106,0.008207,0.164254,0.022437,0.119659,0.015261,0.006773,0.049549,0.0,0.005888,0.026645,0.0711,0.402483,0.005751,0.013443
0.025916,0.007224,0.0,0.01263,0.048328,0.01937,0.047432,0.180366,0.007022,0.303759,0.085082,0.0,0.0,0.011719,0.025934,0.015303,0.018763,0.106137,0.029956,0.055169
0.106211,0.0,0.0,0.008711,0.033563,0.011351,0.0,0.181369,0.0,0.286976,0.035036,0.004098,0.111259,0.005366,0.015474,0.03204,0.006988,0.132127,0.022892,0.006497
0.122512,0.020876,0.007883,0.006579,0.0,0.071248,0.0,0.012217,0.0,0.031818,0.020746,0.035427,0.007479,0.006624,0.048597,0.361483,0.1568,0.031752,0.051904,0.006037
0.021433,0.009807,0.0,0.0,0.124137,0.011924,0.0,0.29937,0.0,0.190518,0.023815,0.0,0.011858,0.004789,0.0,0.014609,0.028145,0.247929,0.0,0.011719
0.035847,0.008449,0.062717,0.023765,0.028996,0.512989,0.011982,0.027129,0.010554,0.017241,0.018685,0.026424,0.022205,0.014358,0.030927,0.062543,0.034435,0.015051,0.010076,0.025809
0.054902,0.00736,0.074377,0.016875,0.024912,0.491751,0.006689,0.005407,0.009499,0.040218,0.015124,0.055284,0.029853,0.005884,0.018415,0.075887,0.017134,0.015701,0.01054,0.024332
0.10076,0.0,0.061811,0.082928,0.048529,0.127009,0.010904,0.040414,0.022205,0.023004,0.035526,0.039802,0.041955,0.037655,0.032918,0.059252,0.029915,0.011622,0.167009,0.026737
0.086629,0.009665,0.109121,0.071794,0.019915,0.165741,0.03972,0.022189,0.011249,0.025365,0.010717,0.099029,0.021478,0.050485,0.022051,0.082184,0.087353,0.033866,0.013424,0.017936
0.051439,0.00474,0.084027,0.057114,0.035599,0.171348,0.031664,0.040358,0.01753,0.066109,0.011087,0.066939,0.0784,0.013659,0.030039,0.091315,0.046552,0.036626,0.032262,0.033262
0.077214,0.004478,0.068393,0.052302,0.027394,0.088022,0.019887,0.019051,0.029688,0.050731,0.006963,0.078891,0.061896,0.047333,0.044625,0.165856,0.076203,0.040836,0.01118,0.029016
0.042659,0.012208,0.056917,0.034698,0.110414,0.028458,0.015198,0.082526,0.012491,0.163572,0.029873,0.035036,0.023309,0.052121,0.030522,0.036804,0.047366,0.086629,0.017603,0.08156
0.079826,0.005024,0.026242,0.049412,0.056877,0.077535,0.005913,0.070414,0.035427,0.142004,0.021778,0.033796,0.080103,0.046876,0.024878,0.087778,0.085674,0.052995,0.0,0.01747
0.088022,0.013783,0.069108,0.052922,0.069879,0.046103,0.014428,0.058274,0.040498,0.096121,0.007174,0.032826,0.038208,0.033866,0.077,0.112033,0.065471,0.025702,0.032062,0.026534
0.035797,0.0,0.14927,0.014813,0.011957,0.041007,0.015367,0.01231,0.045816,0.056289,0.023083,0.127804,0.036906,0.040554,0.01237,0.186597,0.121329,0.048833,0.006484,0.013462
0.093169,0.012379,0.056759,0.092398,0.031207,0.060287,0.006263,0.025952,0.06096,0.059664,0.023931,0.038181,0.170992,0.060162,0.024349,0.103665,0.054296,0.019723,0.005672,0.0
0.159984,0.0,0.050942,0.126657,0.02092,0.071943,0.025559,0.01888,0.059293,0.028836,0.011133,0.023357,0.017027,0.075102,0.039282,0.130038,0.105112,0.023585,0.0,0.012302
0.10302,0.0,0.06778,0.042043,0.013593,0.041694,0.028577,0.009793,0.075102,0.047137,0.028856,0.10083,0.015114,0.027642,0.046071,0.123365,0.111801,0.067592,0.017098,0.032826
0.127009,0.011203,0.031337,0.015909,0.014864,0.028796,0.012007,0.068917,0.030102,0.032352,0.022892,0.021838,0.056367,0.098413,0.287972,0.045405,0.023164,0.03688,0.011679,0.022876
0.125869,0.0,0.136219,0.089684,0.005594,0.012448,0.012949,0.006155,0.125957,0.037266,0.006675,0.073812,0.019492,0.102451,0.045626,0.075311,0.084085,0.028399,0.0,0.011932
0.142694,0.005505,0.084085,0.0625,0.035109,0.016562,0.012994,0.022282,0.09855,0.052374,0.0,0.068157,0.018711,0.084847,0.063813,0.061939,0.126219,0.026998,0.0,0.016665
0.059747,0.005945,0.007796,0.018249,0.317978,0.007129,0.020905,0.062457,0.006399,0.287972,0.0,0.026223,0.0,0.0,0.009304,0.022781,0.034602,0.042986,0.026589,0.042837
0.286379,0.006113,0.006638,0.004982,0.026314,0.045029,0.0,0.188025,0.040414,0.110261,0.005274,0.004674,0.018427,0.011606,0.019832,0.037944,0.022313,0.139758,0.005605,0.020503
0.126394,0.008561,0.144186,0.073659,0.008344,0.031599,0.016413,0.016631,0.054372,0.015756,0.0,0.114229,0.014528,0.097734,0.057194,0.093817,0.099304,0.020934,0.0,0.006372
0.121077,0.004691,0.074068,0.06529,0.009068,0.062413,0.004773,0.018893,0.042571,0.049003,0.010041,0.156909,0.007479,0.070658,0.017397,0.171348,0.084202,0.016781,0.0,0.013322
0.066018,0.039227,0.007026,0.0,0.026516,0.013185,0.0,0.214939,0.0122,0.260797,0.053884,0.008472,0.015953,0.007095,0.0,0.051439,0.022829,0.148342,0.008949,0.043255
0.117848,0.004809,0.022593,0.006037,0.005108,0.015766,0.0,0.141905,0.095722,0.10897,0.016334,0.016573,0.006271,0.033493,0.052265,0.040526,0.061469,0.213159,0.024064,0.017182
0.147011,0.008627,0.113992,0.110875,0.012183,0.012639,0.016793,0.010754,0.122004,0.011118,0.0,0.082698,0.016619,0.059129,0.093363,0.104097,0.066754,0.005494,0.0,0.005755
0.079274,0.004172,0.004425,0.021778,0.136219,0.0,0.008077,0.133139,0.017494,0.19065,0.020646,0.032918,0.034435,0.008021,0.013631,0.008845,0.043525,0.108067,0.055476,0.07911
0.169929,0.043375,0.0,0.013443,0.028086,0.0,0.0,0.139661,0.011974,0.23783,0.065199,0.014864,0.008071,0.004178,0.0,0.011924,0.017146,0.207906,0.0,0.026497
0.054523,0.0,0.079826,0.061982,0.009106,0.036096,0.019424,0.024214,0.176654,0.10897,0.0,0.076521,0.005208,0.096188,0.115984,0.045689,0.056838,0.032758,0.0,0.0
0.081956,0.0,0.097937,0.170873,0.005129,0.029564,0.024014,0.004809,0.111414,0.035305,0.0,0.092206,0.013927,0.071446,0.077535,0.065881,0.076309,0.018351,0.006556,0.016828
0.029177,0.007673,0.008082,0.037734,0.114308,0.058395,0.058924,0.008657,0.025862,0.074532,0.020532,0.10111,0.012691,0.02597,0.054788,0.010821,0.029894,0.026223,0.034506,0.260075
0.01975,0.00489,0.104531,0.043075,0.015766,0.331941,0.036499,0.005735,0.069589,0.025016,0.00691,0.123621,0.052085,0.039445,0.026571,0.020804,0.018685,0.044133,0.0,0.01101
0.066247,0.02398,0.017229,0.0,0.268874,0.0,0.0,0.091505,0.0,0.236023,0.028164,0.008735,0.012007,0.0,0.009506,0.009652,0.0,0.113676,0.015723,0.098618
0.06529,0.004115,0.538867,0.015485,0.008639,0.017397,0.030927,0.015843,0.024947,0.0,0.009125,0.048969,0.020249,0.04112,0.035036,0.089127,0.026553,0.0,0.0,0.008356
0.038234,0.0,0.019819,0.005605,0.0,0.831622,0.016165,0.0,0.008693,0.0,0.005987,0.022988,0.0,0.004585,0.013956,0.024114,0.008449,0.0,0.0,0.0
0.036727,0.0,0.008327,0.0,0.072594,0.0,0.0,0.363745,0.0,0.145693,0.010761,0.0,0.0,0.0,0.0,0.006241,0.0,0.302289,0.008723,0.044873
0.02056,0.010889,0.412367,0.092462,0.033239,0.0,0.092976,0.022892,0.008881,0.016723,0.0,0.10118,0.007944,0.030123,0.0,0.018275,0.023341,0.102096,0.0,0.006083
0.0,0.005288,0.0,0.008747,0.193044,0.004893,0.008133,0.247071,0.006224,0.320856,0.016539,0.0,0.0,0.0,0.015051,0.019956,0.0,0.12807,0.00819,0.017973
0.021582,0.005486,0.622437,0.044563,0.012869,0.004661,0.053809,0.0,0.0,0.019077,0.009726,0.073099,0.032804,0.015463,0.014772,0.023601,0.015766,0.006016,0.006497,0.017567
0.004839,0.01655,0.046391,0.0,0.184156,0.025243,0.0,0.107992,0.007636,0.123793,0.030777,0.019709,0.0,0.0,0.015712,0.01467,0.008178,0.051225,0.240982,0.102238
0.028498,0.0,0.047994,0.50874,0.012985,0.031446,0.006254,0.023083,0.021493,0.023848,0.011257,0.026942,0.030123,0.015766,0.068583,0.056485,0.048228,0.031951,0.006284,0.0
0.059499,0.021448,0.08627,0.055284,0.082813,0.107024,0.041868,0.005475,0.024706,0.033169,0.006556,0.037786,0.080159,0.021778,0.039692,0.095325,0.039119,0.031077,0.024248,0.106801
0.06538,0.012465,0.03797,0.056799,0.038875,0.058883,0.030165,0.052374,0.011809,0.100551,0.00607,0.069541,0.194926,0.028676,0.010927,0.066939,0.030459,0.075154,0.004766,0.047202
0.136408,0.0,0.070267,0.068441,0.030353,0.10118,0.006551,0.03776,0.04155,0.071248,0.020978,0.054523,0.08066,0.033656,0.034102,0.079384,0.048765,0.050942,0.022082,0.011087
0.056524,0.011211,0.05672,0.038634,0.030586,0.088818,0.006811,0.050942,0.014813,0.100621,0.046007,0.041007,0.052995,0.037266,0.027796,0.126219,0.10302,0.061214,0.017986,0.030905
0.064436,0.0,0.086449,0.078292,0.007531,0.104748,0.019051,0.013859,0.041349,0.05536,0.02275,0.028086,0.096055,0.040386,0.041177,0.144787,0.07412,0.055437,0.009175,0.016968
0.090308,0.007999,0.069252,0.040554,0.0,0.153467,0.020862,0.023699,0.109272,0.018685,0.0,0.113519,0.054712,0.019438,0.02934,0.081843,0.117196,0.04095,0.0,0.008857
0.065199,0.007489,0.067125,0.094078,0.0,0.076627,0.0,0.021036,0.069782,0.014358,0.006337,0.072494,0.216734,0.047498,0.033749,0.12807,0.039858,0.039555,0.0,0.0
0.102522,0.019641,0.096055,0.138889,0.036575,0.044041,0.006712,0.037008,0.032464,0.0,0.008304,0.07573,0.040079,0.067968,0.046909,0.094143,0.05494,0.043646,0.033609,0.020818
0.075677,0.0,0.189991,0.07505,0.015261,0.044502,0.0059,0.034482,0.032849,0.042541,0.005819,0.077321,0.034698,0.057194,0.07594,0.067499,0.052411,0.051296,0.0,0.06164
0.085141,0.006877,0.01921,0.043919,0.030756,0.051296,0.018086,0.045468,0.091505,0.046714,0.017421,0.044532,0.027989,0.055476,0.130579,0.056172,0.084377,0.067686,0.014629,0.062197
0.10076,0.008414,0.094535,0.118093,0.005831,0.015636,0.005463,0.030607,0.078454,0.029544,0.0,0.079881,0.040024,0.081221,0.063372,0.07911,0.106211,0.04478,0.01038,0.007652
0.091505,0.0,0.063858,0.048027,0.041092,0.078129,0.037891,0.029097,0.044749,0.044255,0.006643,0.204617,0.023997,0.048563,0.069589,0.066893,0.028067,0.026497,0.013021,0.033563
0.027205,0.0,0.0,0.006811,0.186986,0.0,0.033937,0.110338,0.013304,0.238986,0.059211,0.014772,0.0,0.025702,0.0,0.010866,0.019451,0.047597,0.02079,0.184156
0.106284,0.005719,0.0,0.054788,0.032963,0.05066,0.02326,0.079826,0.022813,0.154642,0.01581,0.069396,0.024723,0.014854,0.035109,0.059006,0.110951,0.127715,0.0,0.011359
0.16471,0.00602,0.068015,0.08681,0.012404,0.0455,0.043405,0.006997,0.086091,0.048094,0.024064,0.062543,0.037812,0.043525,0.048361,0.099649,0.100621,0.008561,0.0,0.006858
0.133693,0.013139,0.015156,0.011343,0.359983,0.0,0.0,0.02408,0.0,0.233097,0.034602,0.00597,0.020833,0.005629,0.005347,0.015734,0.034626,0.044225,0.022797,0.019723
0.085852,0.016689,0.014937,0.0,0.043105,0.005582,0.005274,0.144887,0.0,0.327598,0.062068,0.0,0.006155,0.008681,0.020675,0.014141,0.028125,0.197647,0.006315,0.012362
0.112578,0.0,0.091823,0.090433,0.006341,0.016968,0.044194,0.032986,0.168288,0.01677,0.0,0.038367,0.0,0.088022,0.114467,0.087051,0.074635,0.006155,0.0,0.01098
0.112891,0.0,0.065835,0.231647,0.005433,0.043858,0.032218,0.02533,0.114864,0.034891,0.010621,0.035773,0.0,0.048799,0.083678,0.041579,0.059912,0.014528,0.0,0.038102
0.037734,0.0,0.014619,0.012336,0.057592,0.012499,0.0,0.125347,0.009585,0.4793,0.04444,0.0,0.007269,0.01132,0.002772,0.006806,0.03224,0.11908,0.010496,0.016379
0.096321,0.011907,0.0,0.020418,0.015442,0.037137,0.016539,0.01209,0.169223,0.034626,0.007541,0.039336,0.0,0.030227,0.285587,0.082184,0.047828,0.016436,0.009658,0.067499
0.149064,0.008838,0.089127,0.096321,0.016098,0.034867,0.015571,0.019117,0.117115,0.047795,0.0,0.096656,0.009625,0.087535,0.052592,0.075102,0.060539,0.024047,0.0,0.0
0.26334,0.0,0.009971,0.059705,0.017948,0.027036,0.019011,0.046909,0.054409,0.105477,0.011891,0.029401,0.03269,0.067921,0.065471,0.084612,0.041955,0.03528,0.0,0.02683
0.025068,0.006652,0.005735,0.0,0.082985,0.015668,0.0,0.099926,0.030671,0.376051,0.098141,0.025809,0.029646,0.012491,0.025684,0.020818,0.035085,0.072998,0.020574,0.015854
0.067592,0.0,0.071794,0.041035,0.007562,0.072695,0.057194,0.0,0.192509,0.022766,0.007254,0.075468,0.074274,0.045405,0.133508,0.098209,0.02056,0.0122,0.0,0.0
0.199022,0.0,0.051761,0.106579,0.006611,0.040498,0.010139,0.006033,0.10104,0.016735,0.015679,0.03173,0.08362,0.049963,0.053847,0.132586,0.067499,0.019183,0.0,0.007499
0.126044,0.009355,0.039418,0.115183,0.02836,0.047333,0.063681,0.042189,0.063153,0.020165,0.006425,0.067733,0.016053,0.054636,0.053069,0.065019,0.049963,0.097869,0.006583,0.027873
0.073966,0.0,0.059088,0.021065,0.005475,0.336342,0.03204,0.02056,0.062284,0.014558,0.0,0.111491,0.062241,0.034722,0.049515,0.063285,0.044625,0.008675,0.0,0.0
0.055093,0.007129,0.0559,0.027584,0.006181,0.030144,0.0,0.025809,0.174343,0.127892,0.012904,0.020876,0.139178,0.05066,0.076151,0.091696,0.059416,0.018073,0.00643,0.014629
0.018326,0.0,0.117196,0.061426,0.00595,0.137262,0.026589,0.015229,0.123108,0.038075,0.0,0.085674,0.053142,0.019303,0.07412,0.05672,0.069252,0.031207,0.019038,0.048428
0.046649,0.011414,0.0,0.0,0.105258,0.021433,0.0,0.092462,0.066247,0.193446,0.030927,0.010672,0.016031,0.0,0.026942,0.055707,0.035748,0.10747,0.029097,0.150517
0.050241,0.016781,0.01163,0.050136,0.035036,0.061341,0.0,0.175312,0.04717,0.100481,0.009578,0.028716,0.041897,0.047465,0.034506,0.086689,0.099787,0.061129,0.025755,0.016334
0.015061,0.024569,0.0,0.0,0.077374,0.0,0.005767,0.228141,0.006684,0.300617,0.011454,0.004776,0.008402,0.006372,0.0142,0.013773,0.010402,0.238159,0.005524,0.028597
0.075677,0.015442,0.057512,0.0,0.021051,0.05917,0.013612,0.035329,0.016712,0.029016,0.0,0.014151,0.01204,0.011874,0.017603,0.276241,0.240649,0.077321,0.015166,0.01151
0.149581,0.014488,0.0,0.004503,0.056996,0.028936,0.019438,0.122258,0.012107,0.146198,0.037839,0.007239,0.007515,0.009453,0.006533,0.015987,0.07911,0.263523,0.006652,0.011727
0.267572,0.014398,0.097598,0.014792,0.020574,0.011296,0.007254,0.01364,0.019197,0.053253,0.00414,0.008962,0.103163,0.022421,0.048867,0.109272,0.144987,0.01151,0.009944,0.016992
0.084553,0.0,0.005329,0.011064,0.010769,0.061299,0.0,0.058598,0.017986,0.166662,0.003953,0.010739,0.223756,0.00801,0.004481,0.045405,0.088572,0.198884,0.0,0.0
0.045816,0.0,0.043858,0.0455,0.038607,0.075363,0.040163,0.04652,0.035501,0.035674,0.022189,0.064124,0.19171,0.082298,0.027623,0.063902,0.051976,0.044594,0.004809,0.03983
0.133879,0.084377,0.018351,0.026133,0.045943,0.144586,0.034915,0.027796,0.011383,0.020277,0.005147,0.022624,0.096188,0.042365,0.017063,0.043315,0.095855,0.073404,0.039092,0.017229
0.083158,0.0,0.097261,0.03901,0.039173,0.063902,0.005664,0.035207,0.046295,0.024603,0.008753,0.044873,0.108743,0.016781,0.030353,0.162442,0.103163,0.029319,0.024047,0.037188
0.056759,0.0,0.069927,0.0,0.044409,0.095722,0.011891,0.02834,0.031056,0.050276,0.027853,0.044164,0.099167,0.008851,0.034008,0.050766,0.06457,0.069108,0.027527,0.185694
0.069927,0.0,0.055399,0.052702,0.083043,0.0625,0.014102,0.073506,0.01913,0.058598,0.01199,0.041177,0.08467,0.022406,0.046359,0.098209,0.075363,0.040218,0.042748,0.047928
0.089871,0.026719,0.176165,0.07668,0.016957,0.083273,0.017518,0.017193,0.065064,0.028321,0.006698,0.064884,0.051689,0.045279,0.037292,0.122682,0.012015,0.045943,0.0,0.015832
0.067125,0.012665,0.046844,0.078945,0.021271,0.08066,0.017518,0.067545,0.054034,0.077697,0.032084,0.049928,0.065109,0.030927,0.031424,0.119991,0.058883,0.038208,0.012797,0.036348
0.066477,0.009188,0.059416,0.039254,0.020934,0.119162,0.030671,0.031163,0.010083,0.031862,0.008315,0.072443,0.031207,0.047268,0.024097,0.139274,0.083678,0.064614,0.049105,0.061811
0.03834,0.0,0.056328,0.038768,0.017016,0.240149,0.023292,0.042335,0.050766,0.084319,0.0,0.074068,0.025225,0.069637,0.043315,0.081165,0.034149,0.026078,0.0,0.055093
0.067125,0.017689,0.073049,0.085141,0.019344,0.063241,0.013659,0.03048,0.055207,0.052229,0.021389,0.051332,0.044873,0.032826,0.068678,0.124137,0.053809,0.029056,0.042394,0.054409
0.074946,0.014259,0.041063,0.009201,0.047961,0.07505,0.026793,0.029503,0.005896,0.077107,0.021109,0.021597,0.047432,0.01921,0.013792,0.040808,0.075311,0.054826,0.058965,0.245195
0.053179,0.013452,0.050345,0.036524,0.051368,0.029442,0.005803,0.077643,0.053549,0.157018,0.013831,0.040639,0.046649,0.02938,0.05494,0.049618,0.039582,0.057472,0.007652,0.131944
0.069782,0.019411,0.206326,0.043345,0.007214,0.046779,0.017862,0.0,0.045689,0.034867,0.0,0.10577,0.051368,0.111105,0.045563,0.072645,0.060749,0.032129,0.00732,0.022097
0.064525,0.009719,0.115263,0.052702,0.070707,0.0,0.031752,0.080493,0.017051,0.161656,0.045531,0.023699,0.025453,0.038023,0.017911,0.051582,0.030165,0.053884,0.014916,0.094995
0.07315,0.023471,0.021597,0.0,0.046359,0.013879,0.030777,0.131488,0.028956,0.259355,0.022956,0.006538,0.008333,0.008663,0.007249,0.031907,0.050136,0.112734,0.071051,0.051261
0.16471,0.0,0.05066,0.123194,0.007036,0.031929,0.02398,0.0,0.133139,0.036983,0.013725,0.064257,0.085082,0.069637,0.049963,0.059416,0.063592,0.017506,0.0,0.005176
0.11875,0.015346,0.075677,0.106432,0.025648,0.05052,0.029998,0.011703,0.094405,0.061939,0.0,0.066893,0.027186,0.08066,0.076415,0.077589,0.051725,0.015821,0.005648,0.007615
0.039555,0.006542,0.006237,0.009169,0.056799,0.016221,0.0,0.172062,0.006434,0.315344,0.068015,0.007259,0.0,0.013039,0.013783,0.027989,0.05031,0.10111,0.059499,0.030756
0.208338,0.014803,0.015865,0.051617,0.0,0.12474,0.019641,0.048765,0.024569,0.059252,0.006363,0.088695,0.022988,0.033078,0.041752,0.100203,0.048361,0.058073,0.019614,0.013203
0.103881,0.006359,0.123194,0.095922,0.007041,0.136976,0.012508,0.0,0.093558,0.010881,0.014298,0.040358,0.038261,0.068393,0.067733,0.086091,0.053179,0.027719,0.0,0.013593
0.075625,0.016109,0.026867,0.035231,0.038367,0.016413,0.033609,0.052665,0.049583,0.127097,0.0,0.079826,0.016379,0.026534,0.020833,0.115263,0.031774,0.091442,0.025471,0.12091
0.159099,0.014813,0.0,0.0,0.11344,0.008802,0.0,0.123536,0.007139,0.183138,0.011842,0.0,0.006858,0.0,0.00668,0.025719,0.022624,0.288371,0.0,0.028028
0.011399,0.0,0.713013,0.023881,0.007139,0.017998,0.005197,0.006944,0.006891,0.011211,0.0,0.097261,0.006511,0.00635,0.006708,0.042189,0.032622,0.004769,0.0,0.0
0.050695,0.0,0.0,0.01917,0.145996,0.060581,0.032129,0.053884,0.027054,0.067968,0.021884,0.020461,0.0,0.044164,0.08845,0.015723,0.019024,0.035847,0.097328,0.199575
0.016992,0.018199,0.0,0.0,0.126394,0.017886,0.0,0.252438,0.0,0.194791,0.029708,0.012744,0.0,0.015821,0.005855,0.0,0.013936,0.255607,0.006041,0.033516
0.039336,0.005783,0.006983,0.015745,0.103378,0.017182,0.051154,0.102664,0.003703,0.033032,0.054109,0.19118,0.012691,0.040107,0.01592,0.114785,0.027036,0.075311,0.031885,0.058032
0.027432,0.005013,0.0,0.0,0.035872,0.004534,0.0,0.20208,0.0,0.240315,0.034722,0.012166,0.123279,0.00639,0.00842,0.009207,0.028597,0.245365,0.004846,0.011743
0.0385,0.0,0.049721,0.026608,0.012491,0.0,0.018249,0.01421,0.050836,0.036855,0.389043,0.017812,0.028321,0.167473,0.0326,0.029523,0.043737,0.024315,0.006211,0.013424
0.192243,0.022205,0.028916,0.0,0.080548,0.038473,0.006324,0.052592,0.006703,0.075206,0.012285,0.060497,0.03396,0.005248,0.0,0.125347,0.161209,0.048732,0.008414,0.041092
0.0,0.006232,0.039858,0.015166,0.091252,0.012473,0.05475,0.031951,0.012674,0.005296,0.039941,0.016816,0.007525,0.007065,0.0,0.024197,0.0,0.016221,0.005366,0.613442
0.038929,0.013869,0.30187,0.048969,0.028876,0.117034,0.0167,0.014448,0.026479,0.006381,0.0,0.137643,0.024586,0.028106,0.034435,0.082526,0.018212,0.018249,0.012116,0.030543
0.048597,0.006083,0.050625,0.0693,0.052702,0.074687,0.0,0.032645,0.031951,0.094535,0.047795,0.066939,0.036932,0.043646,0.043135,0.060539,0.026388,0.033078,0.024518,0.155933
0.067827,0.011407,0.068299,0.019984,0.035427,0.136125,0.112111,0.023667,0.030692,0.018174,0.011957,0.068157,0.064391,0.02836,0.025827,0.138408,0.029998,0.026479,0.011646,0.071051
0.069637,0.0,0.080996,0.044286,0.021256,0.182504,0.018646,0.033262,0.036855,0.068062,0.017677,0.02934,0.061426,0.021582,0.019424,0.142004,0.049687,0.02838,0.031599,0.043285
0.074325,0.06012,0.10747,0.024231,0.025577,0.050766,0.0,0.023422,0.031862,0.038102,0.059129,0.062457,0.108894,0.046876,0.053438,0.111723,0.059912,0.028008,0.0,0.033633
0.087778,0.049549,0.068488,0.020165,0.037865,0.181873,0.0,0.021944,0.038902,0.017555,0.0,0.187245,0.020689,0.034482,0.018098,0.055591,0.120074,0.017874,0.0,0.021899
0.137643,0.013678,0.054636,0.0,0.012762,0.082526,0.0,0.048597,0.01418,0.057751,0.0,0.085733,0.045848,0.051296,0.041292,0.180992,0.080996,0.063902,0.013792,0.014428
0.058153,0.01525,0.043586,0.0,0.029299,0.045029,0.0,0.013697,0.03294,0.027776,0.036727,0.025773,0.085378,0.044842,0.047597,0.056641,0.041839,0.032622,0.287374,0.075415
0.054071,0.0,0.097801,0.042014,0.0,0.043015,0.011752,0.04095,0.029605,0.042778,0.044873,0.062935,0.029688,0.057791,0.03477,0.13067,0.174101,0.074998,0.0,0.028242
0.047928,0.0,0.07955,0.052665,0.012806,0.081673,0.043285,0.031402,0.0,0.0,0.013735,0.058355,0.1501,0.0,0.081221,0.091126,0.152513,0.088757,0.0,0.014844
0.107619,0.012736,0.070658,0.048867,0.0,0.234555,0.016042,0.052702,0.033055,0.03776,0.015668,0.062543,0.0,0.078672,0.066477,0.077428,0.034698,0.035305,0.0,0.01525
0.02474,0.0,0.054296,0.028876,0.041092,0.095656,0.084905,0.045248,0.021838,0.087839,0.011874,0.052702,0.19118,0.046941,0.027451,0.066431,0.022703,0.034964,0.011102,0.050171
0.052229,0.0,0.070854,0.049071,0.011486,0.082584,0.024603,0.094732,0.02326,0.024214,0.030734,0.158769,0.070511,0.05045,0.032872,0.063197,0.077482,0.069782,0.0,0.013148
0.300826,0.021763,0.059996,0.037917,0.03776,0.093169,0.01147,0.013821,0.027129,0.03842,0.012691,0.038023,0.051725,0.029177,0.049003,0.138312,0.021404,0.017421,0.0,0.0
0.055016,0.01263,0.05066,0.024964,0.024484,0.027129,0.011891,0.020963,0.024792,0.075835,0.017229,0.012057,0.316878,0.005314,0.025173,0.052665,0.031056,0.028696,0.124137,0.058476
0.074791,0.0,0.074583,0.0,0.032758,0.054409,0.0,0.072443,0.059622,0.219912,0.041206,0.011265,0.052302,0.021463,0.036071,0.03477,0.084085,0.078727,0.027375,0.024164
0.082469,0.0,0.061129,0.041781,0.04717,0.086629,0.050102,0.029667,0.008549,0.049003,0.025155,0.077214,0.074894,0.024638,0.026333,0.062804,0.161432,0.015124,0.0,0.075887
0.080437,0.0,0.057552,0.028498,0.010359,0.19751,0.031664,0.010097,0.020461,0.050977,0.008549,0.052556,0.09855,0.063241,0.031577,0.159762,0.022266,0.039996,0.021508,0.014468
0.067968,0.007673,0.064168,0.031402,0.03097,0.050801,0.029016,0.010496,0.03834,0.072193,0.021138,0.079605,0.113283,0.037839,0.038181,0.129139,0.10097,0.022097,0.010237,0.044409
0.082985,0.011614,0.061384,0.028106,0.011792,0.142201,0.071051,0.0,0.019183,0.0426,0.024214,0.083158,0.065335,0.0,0.043195,0.139178,0.007944,0.0,0.010724,0.155286
0.107246,0.0,0.125347,0.045626,0.009156,0.074171,0.047894,0.03465,0.049583,0.060079,0.00982,0.030102,0.075468,0.03961,0.038367,0.114705,0.054864,0.053179,0.0,0.030144
0.136313,0.009323,0.080604,0.044687,0.021389,0.075154,0.008687,0.041435,0.022021,0.034435,0.030734,0.03029,0.10104,0.043707,0.05031,0.08066,0.083216,0.051403,0.0,0.05456
0.152724,0.019736,0.018828,0.026351,0.0178,0.164482,0.010223,0.048698,0.019998,0.114785,0.050942,0.04033,0.008212,0.02977,0.010598,0.079992,0.087292,0.068965,0.020489,0.00978
0.119991,0.0,0.049859,0.065199,0.021374,0.037318,0.021717,0.040836,0.054146,0.041149,0.038795,0.046231,0.175312,0.02403,0.010784,0.08207,0.116306,0.0,0.0,0.054864
0.078454,0.0,0.050206,0.066431,0.03422,0.111878,0.018364,0.048061,0.054034,0.063946,0.045626,0.044072,0.096321,0.040218,0.041435,0.074946,0.031708,0.100134,0.0,0.0
0.087171,0.0,0.112267,0.141512,0.0,0.08681,0.007748,0.0,0.018149,0.073914,0.012422,0.116953,0.065064,0.021226,0.015701,0.137071,0.065562,0.01525,0.0,0.023309
0.04763,0.017277,0.046617,0.019559,0.15811,0.033032,0.007515,0.085318,0.017289,0.032084,0.042837,0.0,0.063109,0.014548,0.03204,0.100621,0.023749,0.042541,0.079439,0.136787
0.075259,0.0,0.02834,0.082127,0.007977,0.061939,0.016425,0.04588,0.059375,0.158439,0.014875,0.095656,0.008609,0.06529,0.010467,0.088695,0.059047,0.092911,0.0,0.028756
0.09081,0.007417,0.062543,0.074222,0.017986,0.060371,0.0,0.045248,0.092206,0.01929,0.027394,0.052411,0.046424,0.057631,0.043225,0.038023,0.053623,0.063504,0.018453,0.129229
0.059088,0.0,0.052121,0.057631,0.064839,0.091379,0.033215,0.039802,0.01348,0.035649,0.023389,0.076893,0.022021,0.039941,0.05119,0.094405,0.0267,0.023881,0.143289,0.051119
0.074377,0.0,0.030777,0.02133,0.054034,0.048867,0.016608,0.0559,0.016596,0.142793,0.038128,0.067405,0.028086,0.058761,0.02413,0.08633,0.073966,0.120826,0.026645,0.014508
0.107024,0.0,0.043405,0.123536,0.015987,0.018763,0.016402,0.0784,0.037292,0.052922,0.013821,0.035403,0.023357,0.012525,0.024518,0.063902,0.110109,0.127804,0.058032,0.036778
0.065698,0.011141,0.125869,0.080604,0.014762,0.048161,0.0,0.016665,0.099167,0.008252,0.015854,0.076362,0.048228,0.073353,0.067452,0.154,0.055553,0.008651,0.01621,0.014024
0.116145,0.019317,0.044904,0.018776,0.028419,0.063022,0.0,0.041378,0.070267,0.096723,0.031358,0.070805,0.015442,0.034506,0.029791,0.156258,0.050485,0.050345,0.0,0.062068
0.133231,0.007759,0.032218,0.013203,0.040978,0.029977,0.023438,0.068062,0.008015,0.244346,0.033354,0.023749,0.006806,0.007269,0.007988,0.006359,0.053921,0.139467,0.083331,0.03655
0.100481,0.006629,0.055707,0.091062,0.013725,0.029791,0.016968,0.103809,0.050555,0.192643,0.021374,0.027796,0.0,0.031228,0.0,0.04652,0.060455,0.142102,0.0,0.009068
0.102949,0.0,0.066662,0.05252,0.0,0.021717,0.028816,0.017961,0.124654,0.043165,0.0,0.095722,0.023099,0.10076,0.094667,0.100273,0.067592,0.043676,0.0,0.015756
0.141023,0.008531,0.034435,0.073659,0.017924,0.048664,0.023503,0.047104,0.022128,0.054334,0.0,0.066247,0.019038,0.067639,0.035134,0.038261,0.04263,0.007759,0.158989,0.09304
0.107098,0.0,0.012268,0.010489,0.135372,0.01294,0.016992,0.092718,0.008218,0.1501,0.037944,0.020617,0.0,0.008032,0.032554,0.028537,0.061341,0.072043,0.068441,0.124223
0.121245,0.0,0.075311,0.063681,0.007304,0.022112,0.008549,0.040526,0.119328,0.083505,0.029319,0.073506,0.032736,0.04763,0.050485,0.085378,0.068204,0.028996,0.022718,0.019478
0.140146,0.03528,0.137643,0.061002,0.0,0.071446,0.0,0.03269,0.074894,0.033796,0.0,0.095656,0.01986,0.02977,0.073302,0.069156,0.12526,0.0,0.0,0.0
0.133508,0.0,0.021733,0.0,0.079771,0.0,0.0,0.070854,0.10097,0.042482,0.031142,0.047564,0.0,0.050171,0.026793,0.02797,0.113992,0.150935,0.0,0.102167
0.171229,0.014711,0.009118,0.02239,0.037577,0.079165,0.0,0.03048,0.028242,0.081843,0.011003,0.085555,0.036247,0.08426,0.096857,0.073455,0.052048,0.050871,0.0,0.034988
0.086689,0.0,0.036932,0.032826,0.010972,0.356754,0.020054,0.046103,0.064659,0.052702,0.01294,0.057075,0.01621,0.023585,0.020574,0.057671,0.027299,0.052483,0.0,0.02445
0.058073,0.023667,0.028656,0.012327,0.091759,0.024723,0.004972,0.202361,0.019237,0.160874,0.040386,0.041984,0.005194,0.009201,0.013332,0.039665,0.013452,0.173619,0.007224,0.02934
0.052702,0.009342,0.08888,0.01176,0.004873,0.03097,0.014579,0.005719,0.046135,0.057154,0.0,0.048732,0.411225,0.014989,0.059829,0.061341,0.055131,0.0,0.0,0.026645
0.189465,0.0,0.028223,0.01875,0.0,0.042247,0.0,0.039885,0.100342,0.033516,0.009246,0.058315,0.175312,0.01176,0.121329,0.095457,0.038049,0.01176,0.014043,0.012344
0.097666,0.0,0.111878,0.127538,0.006939,0.056877,0.028242,0.01199,0.099098,0.012242,0.0,0.09304,0.018199,0.048395,0.034197,0.167822,0.046488,0.032509,0.0,0.006939
0.031467,0.0,0.004799,0.017603,0.006988,0.022577,0.018946,0.005219,0.579548,0.019709,0.021553,0.025489,0.036147,0.075887,0.069396,0.03162,0.016031,0.009875,0.0,0.007214
0.029915,0.012869,0.017886,0.0,0.03422,0.0,0.0,0.270181,0.0,0.348444,0.058436,0.0,0.0,0.006062,0.0,0.006601,0.029177,0.186081,0.0,0.0
0.035972,0.01364,0.0,0.007802,0.079826,0.034819,0.0,0.182884,0.0,0.123621,0.021168,0.047564,0.0,0.0,0.005625,0.062284,0.032151,0.275476,0.042101,0.035085
0.035773,0.005962,0.0,0.023228,0.054334,0.036247,0.0,0.166086,0.0,0.298541,0.090308,0.009099,0.046135,0.011907,0.0,0.012869,0.030692,0.167357,0.0,0.011343
0.091442,0.0,0.007785,0.005062,0.0,0.663883,0.00735,0.011743,0.0,0.00815,0.014388,0.007149,0.01349,0.010717,0.0,0.074377,0.057512,0.027017,0.0,0.0
0.043135,0.0,0.006915,0.0,0.075102,0.0,0.0,0.22751,0.010851,0.295453,0.06237,0.006547,0.016527,0.020137,0.007335,0.015854,0.034149,0.171824,0.0,0.006328
0.153893,0.017182,0.011949,0.051261,0.00708,0.092526,0.019668,0.006887,0.014803,0.022515,0.007716,0.047268,0.379192,0.023914,0.0,0.045912,0.052338,0.018828,0.013546,0.013537
0.144887,0.0,0.020235,0.013471,0.151564,0.063109,0.00502,0.044072,0.0,0.123365,0.0455,0.023341,0.018402,0.0,0.013735,0.095457,0.112111,0.03555,0.028125,0.062025
0.046007,0.0,0.016921,0.035698,0.091569,0.051868,0.027584,0.020249,0.005823,0.036524,0.021094,0.034315,0.024757,0.022452,0.013593,0.070121,0.104676,0.005759,0.015668,0.355273
0.112734,0.0,0.024467,0.05456,0.013249,0.432868,0.008561,0.010245,0.03688,0.024349,0.005621,0.038983,0.067265,0.020249,0.0,0.099718,0.011195,0.008122,0.017373,0.013716
0.056445,0.0,0.090999,0.082985,0.043676,0.069589,0.021642,0.018453,0.021285,0.010732,0.0,0.085318,0.0,0.074635,0.089312,0.061299,0.101743,0.084085,0.010146,0.077697
0.200406,0.023617,0.10345,0.072494,0.017098,0.062068,0.010598,0.0,0.022876,0.039363,0.0,0.114071,0.034554,0.060413,0.092078,0.059252,0.022205,0.030417,0.018985,0.016053
0.153573,0.054674,0.092718,0.054109,0.014947,0.17254,0.017726,0.0,0.044687,0.067452,0.0,0.023422,0.014518,0.014792,0.0,0.065199,0.028836,0.056681,0.094601,0.029646
0.092014,0.0,0.099167,0.028125,0.0,0.181873,0.016562,0.0,0.040865,0.03396,0.0,0.123536,0.070073,0.014121,0.047072,0.097937,0.090246,0.031272,0.033239,0.0
0.041177,0.0,0.020362,0.012396,0.022112,0.109956,0.048294,0.061129,0.047301,0.04979,0.025595,0.117603,0.020589,0.036147,0.065516,0.101532,0.081503,0.044133,0.021672,0.073251
0.061554,0.009087,0.040752,0.085437,0.0,0.290377,0.019573,0.027205,0.039968,0.01997,0.0,0.041035,0.038875,0.010694,0.041406,0.103953,0.147726,0.008943,0.0,0.013537
0.032106,0.026479,0.009705,0.034149,0.122682,0.018249,0.019695,0.045248,0.009739,0.07668,0.0,0.03173,0.009304,0.027432,0.038741,0.028301,0.03162,0.041579,0.100064,0.296479
0.019929,0.021197,0.082298,0.022112,0.062197,0.069589,0.012709,0.064035,0.033796,0.091887,0.02275,0.020432,0.024655,0.063285,0.0254,0.010569,0.095988,0.105843,0.010799,0.140535
0.02196,0.0,0.071843,0.08362,0.093752,0.047268,0.011049,0.041406,0.023228,0.08699,0.046779,0.060917,0.154963,0.0,0.0,0.054598,0.085259,0.102025,0.0,0.014338
0.047366,0.0,0.124309,0.025827,0.0,0.062197,0.011422,0.023325,0.042453,0.021944,0.011438,0.116226,0.086569,0.023881,0.025471,0.15209,0.15083,0.043737,0.0,0.03097
0.065698,0.0,0.079495,0.036197,0.018919,0.06263,0.0,0.057992,0.045721,0.078346,0.02977,0.064124,0.214939,0.040893,0.032307,0.058679,0.045468,0.039802,0.011141,0.017862
0.151249,0.0,0.133323,0.169929,0.009875,0.035674,0.019011,0.043075,0.03797,0.0,0.0,0.070903,0.02683,0.087353,0.031013,0.094274,0.052157,0.009342,0.011133,0.016828
0.038553,0.010518,0.099995,0.174222,0.027815,0.025225,0.012032,0.010489,0.034698,0.125434,0.0,0.075625,0.037655,0.068346,0.027738,0.084905,0.084494,0.042423,0.0,0.019764
0.098961,0.010359,0.0,0.017016,0.062587,0.008338,0.0,0.135842,0.0,0.252613,0.0,0.027356,0.009512,0.0,0.018959,0.042306,0.09855,0.176287,0.010125,0.031272
0.115904,0.019104,0.047202,0.075259,0.010965,0.081843,0.021271,0.027186,0.05625,0.035872,0.008925,0.045437,0.012293,0.094667,0.065789,0.08615,0.10111,0.057552,0.0,0.037266
0.046779,0.0,0.079881,0.116065,0.0,0.046039,0.009466,0.009381,0.058193,0.028956,0.011407,0.054485,0.022829,0.180992,0.10083,0.076098,0.0784,0.041608,0.010525,0.027989
0.204759,0.01194,0.034819,0.0668,0.029097,0.009074,0.0,0.044502,0.134437,0.12905,0.009786,0.022174,0.020689,0.044967,0.054712,0.028896,0.029544,0.095789,0.028956,0.0
0.094732,0.012525,0.0,0.029935,0.083736,0.03961,0.0,0.162668,0.030756,0.14073,0.018517,0.034867,0.0,0.0,0.0178,0.009705,0.072393,0.192243,0.023765,0.036096
0.133601,0.01147,0.128782,0.119493,0.010896,0.009182,0.027911,0.019478,0.072494,0.019104,0.018199,0.022499,0.051083,0.124223,0.076947,0.115023,0.027623,0.0,0.0,0.012032
0.115824,0.022687,0.056289,0.066662,0.076203,0.010273,0.017628,0.03528,0.053809,0.040695,0.037447,0.038473,0.045154,0.036322,0.042365,0.033749,0.050206,0.0,0.059252,0.161656
0.252613,0.013295,0.022468,0.0,0.03382,0.007432,0.01278,0.138408,0.009329,0.149685,0.030374,0.046682,0.0,0.0,0.0,0.070267,0.047795,0.139758,0.008224,0.017051
0.10104,0.010769,0.026719,0.064257,0.021493,0.034315,0.007791,0.0625,0.120324,0.087232,0.031013,0.030332,0.023667,0.048294,0.169929,0.030756,0.059457,0.042306,0.018287,0.009552
0.190782,0.0,0.053809,0.041378,0.010881,0.089065,0.02398,0.008645,0.058965,0.008543,0.009944,0.06237,0.010547,0.104966,0.10083,0.120408,0.043495,0.061384,0.0,0.0
0.06778,0.0,0.043858,0.033262,0.021493,0.050241,0.047597,0.036071,0.188678,0.079165,0.028223,0.130308,0.0,0.093363,0.077107,0.00946,0.05194,0.0,0.0,0.041579
0.048027,0.0,0.092334,0.081786,0.020432,0.172181,0.05194,0.0,0.064124,0.085674,0.0,0.050171,0.035996,0.016198,0.08845,0.068821,0.0,0.014279,0.0,0.109576
0.187895,0.019144,0.060329,0.022515,0.016539,0.026867,0.035501,0.0,0.073557,0.089312,0.021538,0.084027,0.134251,0.105697,0.015177,0.055553,0.034964,0.0,0.0,0.017134
0.020291,0.012621,0.029523,0.0,0.013212,0.352574,0.03983,0.010048,0.109045,0.015145,0.0,0.163686,0.009506,0.049173,0.031034,0.075468,0.0267,0.0,0.0,0.042218
0.081673,0.0,0.020546,0.0,0.160985,0.0,0.0,0.090936,0.0,0.283025,0.021929,0.022266,0.025051,0.0,0.0,0.018946,0.008567,0.100342,0.0,0.165856
0.113126,0.020703,0.037603,0.009578,0.008567,0.40388,0.012525,0.010866,0.056681,0.009355,0.0,0.010503,0.061341,0.018111,0.064302,0.03029,0.0879,0.0196,0.0,0.025016
0.020833,0.0,0.01997,0.009759,0.009012,0.782412,0.0,0.0,0.009131,0.010503,0.024723,0.030332,0.0,0.013452,0.021153,0.038208,0.010467,0.0,0.0,0.0
0.089622,0.0,0.0,0.017361,0.132036,0.030165,0.0,0.185823,0.0,0.078237,0.079329,0.016187,0.012525,0.0,0.0,0.009719,0.010799,0.306934,0.0,0.031207
0.134437,0.008408,0.009759,0.021884,0.134904,0.046746,0.017787,0.029729,0.0,0.029585,0.23849,0.039336,0.0,0.0,0.0,0.140827,0.031973,0.106432,0.0,0.009658
0.058883,0.0,0.009355,0.009106,0.134065,0.028164,0.00993,0.248618,0.013452,0.200267,0.034939,0.030019,0.009512,0.0,0.0,0.023732,0.009024,0.140632,0.0,0.040274
0.0,0.0,0.023244,0.0167,0.116872,0.0,0.01038,0.0,0.0,0.009726,0.0,0.010621,0.0,0.0,0.010209,0.0,0.0,0.050977,0.634196,0.116872
0.058639,0.022375,0.10988,0.077428,0.018427,0.017337,0.0,0.014569,0.01038,0.022143,0.0,0.088757,0.0,0.096522,0.072494,0.237171,0.106211,0.012665,0.0,0.035012
0.137547,0.0,0.012234,0.0,0.017409,0.011768,0.0,0.120158,0.025033,0.247586,0.022577,0.010942,0.016875,0.009951,0.023997,0.038902,0.04095,0.106579,0.037551,0.119825
0.076574,0.0,0.184284,0.064974,0.021256,0.173619,0.033055,0.0,0.017948,0.013452,0.0,0.165741,0.0,0.01237,0.026133,0.112734,0.055707,0.0,0.010591,0.031577
0.076947,0.0,0.015549,0.027719,0.055784,0.021975,0.010139,0.034698,0.023947,0.06399,0.057992,0.129677,0.0,0.096388,0.11415,0.134904,0.010467,0.0,0.05194,0.073761
0.028478,0.0,0.681601,0.057075,0.012976,0.070414,0.0,0.0,0.0,0.037839,0.0,0.038447,0.0,0.013415,0.0,0.035575,0.012379,0.0,0.0,0.011735
0.083158,0.015712,0.241987,0.079165,0.033009,0.07017,0.049412,0.033633,0.092398,0.018919,0.0,0.06012,0.03233,0.0,0.02938,0.052121,0.045563,0.032849,0.013831,0.016311
0.03858,0.0,0.01875,0.04717,0.085615,0.051083,0.050766,0.017616,0.054447,0.018174,0.0,0.080437,0.053475,0.065471,0.068488,0.131397,0.083911,0.113283,0.0,0.021418
0.070121,0.081786,0.041493,0.0,0.020718,0.016334,0.041464,0.016921,0.088327,0.040051,0.0,0.270744,0.0,0.017051,0.041752,0.093105,0.105404,0.016379,0.0,0.038393
0.0,0.0,0.033308,0.0,0.0,0.405283,0.0,0.078183,0.063681,0.033192,0.0,0.129408,0.082184,0.033796,0.0,0.102878,0.038155,0.0,0.0,0.0
0.0,0.03162,0.030353,0.037734,0.0,0.039665,0.031577,0.096255,0.175677,0.0,0.0,0.139178,0.066708,0.0,0.072143,0.091632,0.03983,0.068015,0.0,0.079715
0.036348,0.356506,0.0,0.034339,0.036222,0.075887,0.0,0.039092,0.0,0.080047,0.0,0.042896,0.034506,0.033773,0.0,0.188809,0.041666,0.0,0.0,0.0
0.04444,0.037996,0.039775,0.046552,0.0,0.547906,0.0,0.0,0.038155,0.073914,0.0,0.047795,0.0,0.045185,0.0,0.078183,0.0,0.0,0.0,0.0
0.141709,0.054826,0.0,0.093752,0.0,0.0,0.0,0.0,0.089374,0.0,0.0,0.090433,0.096589,0.088634,0.121751,0.036575,0.089127,0.047366,0.049928,0.0
0.122682,0.0,0.040191,0.0,0.07505,0.109272,0.0,0.03184,0.0,0.0,0.042986,0.111646,0.077053,0.131579,0.0,0.130489,0.08621,0.04095,0.0,0.0
0.120993,0.0,0.0,0.087839,0.100551,0.042867,0.042541,0.040836,0.034891,0.0,0.045437,0.095855,0.044011,0.0,0.033055,0.038768,0.0,0.0,0.037473,0.234881
0.0,0.0,0.0,0.057832,0.023947,0.055016,0.031424,0.050871,0.057912,0.0,0.062891,0.204476,0.284993,0.029198,0.0,0.032062,0.024197,0.056996,0.0,0.028028
0.066986,0.0,0.064749,0.0,0.063725,0.123108,0.0,0.0,0.068062,0.038128,0.0,0.075102,0.026849,0.0,0.034891,0.064929,0.060246,0.0,0.19065,0.122597
0.21154,0.0,0.106801,0.127981,0.0,0.061256,0.0,0.0,0.086689,0.026849,0.031424,0.022956,0.126745,0.081052,0.034891,0.025173,0.026979,0.029605,0.0,0.0
0.033055,0.032645,0.029873,0.0,0.554016,0.0,0.0,0.032106,0.0,0.125608,0.036222,0.036626,0.0,0.0,0.0,0.0,0.0,0.025916,0.065019,0.028956
0.131033,0.0,0.038287,0.032487,0.028916,0.036423,0.0,0.0,0.108518,0.142497,0.0,0.035972,0.0,0.073404,0.071446,0.142694,0.117359,0.04095,0.0,0.0
0.10104,0.0,0.15083,0.062674,0.0,0.0,0.0,0.0,0.150935,0.075311,0.0,0.111182,0.032895,0.028756,0.154856,0.026115,0.069396,0.035972,0.0,0.0
0.193983,0.0,0.082412,0.0,0.042689,0.100064,0.0,0.032532,0.0,0.071943,0.0,0.037812,0.04033,0.113597,0.102238,0.077321,0.072695,0.032307,0.0,0.0
0.033773,0.077482,0.0,0.033843,0.077,0.0,0.0,0.029935,0.0,0.228141,0.080325,0.068869,0.0,0.0,0.0,0.0,0.07911,0.149374,0.0,0.142201
0.180116,0.0,0.0,0.045816,0.037163,0.0,0.0,0.0,0.184667,0.0,0.0,0.091887,0.0,0.090559,0.157891,0.04263,0.134251,0.0,0.0,0.034964
0.135372,0.0,0.13481,0.142004,0.0,0.047762,0.0,0.0,0.046007,0.0,0.0,0.037996,0.099442,0.129947,0.040554,0.18621,0.0,0.0,0.0,0.0
0.147726,0.064124,0.0,0.058842,0.109424,0.10988,0.0,0.106949,0.0,0.225313,0.0,0.0,0.0,0.0,0.0,0.0,0.0,0.113126,0.0,0.06457
0.0,0.0,0.0,0.0,0.0,0.0,0.0,0.089374,0.091696,0.578344,0.165741,0.0,0.0,0.0,0.0,0.0,0.0,0.074791,0.0,0.0
0.0,0.0,0.420448,0.0,0.0,0.0,0.168521,0.0,0.194117,0.0,0.0,0.0,0.0,0.216734,0.0,0.0,0.0,0.0,0.0,0.0
